id,username,email,telegram_id,type_user_id,phone_number,social_group_id,social_role,secondary_group_id,attendance_level,mixing_score,invite_power,rfm_seed_segment,vip_affinity,table_preference,newcomer_affinity
1,Aiden,aiden@deluxe-demo.com,1000001,2,3000000001,G04,anchor,,high,0.3,9,ballena,0.99,private,0.46
2,Valeria,valeria@deluxe-demo.com,1000002,2,3000000002,G04,casual,,low,0.45,4,riesgo,0.39,regular,0.56
3,Mateo,mateo@deluxe-demo.com,1000003,2,3000000003,G05,core,,high,0.2,5,ballena,0.83,vip,0.28
4,Camila,camila@deluxe-demo.com,1000004,2,3000000004,G04,core,,medium,0.2,5,social,0.34,vip,0.19
5,Sebastián,sebastián@deluxe-demo.com,1000005,2,3000000005,G06,core,,medium,0.2,5,ballena,0.72,regular,0.45
6,Isabella,isabella@deluxe-demo.com,1000006,2,3000000006,G06,core,,medium,0.2,5,vip_leal,0.9,vip,0.37
7,Thiago,thiago@deluxe-demo.com,1000007,2,3000000007,G05,isolated,,low,0.05,2,riesgo,0.07,regular,0.19
8,Lucía,lucía@deluxe-demo.com,1000008,2,3000000008,G03,core,,medium,0.2,5,riesgo,0.19,regular,0.33
9,Santiago,santiago@deluxe-demo.com,1000009,2,3000000009,G06,core,,medium,0.2,5,riesgo,0.3,regular,0.17
10,Sofía,sofía@deluxe-demo.com,1000010,2,3000000010,G04,broker,G08,high,0.75,7,ballena,0.88,vip,0.91
11,Nicolás,nicolás@deluxe-demo.com,1000011,2,3000000011,G06,core,,medium,0.2,5,ballena,0.89,private,0.43
12,Martina,martina@deluxe-demo.com,1000012,2,3000000012,G10,core,,high,0.2,5,social,0.32,private,0.2
13,Samuel,samuel@deluxe-demo.com,1000013,2,3000000013,G10,core,,low,0.2,5,riesgo,0.4,regular,0.36
14,Valentina,valentina@deluxe-demo.com,1000014,2,3000000014,G07,core,,medium,0.2,5,social,0.42,regular,0.33
15,Alejandro,alejandro@deluxe-demo.com,1000015,2,3000000015,G02,core,,medium,0.2,5,ballena,0.8,vip,0.52
16,Emilia,emilia@deluxe-demo.com,1000016,2,3000000016,G02,core,,medium,0.2,5,riesgo,0.26,regular,0.24
17,Daniel,daniel@deluxe-demo.com,1000017,2,3000000017,G05,anchor,,high,0.3,9,vip_leal,0.73,vip,0.53
18,Antonella,antonella@deluxe-demo.com,1000018,2,3000000018,G02,core,,medium,0.2,5,riesgo,0.09,vip,0.49
19,Gabriel,gabriel@deluxe-demo.com,1000019,2,3000000019,G01,casual,,medium,0.45,4,ballena,0.78,regular,0.54
20,Julieta,julieta@deluxe-demo.com,1000020,2,3000000020,G04,anchor,,high,0.3,9,vip_leal,0.73,vip,0.68
21,Leonardo,leonardo@deluxe-demo.com,1000021,2,3000000021,G03,core,,low,0.2,5,riesgo,0.32,private,0.58
22,Renata,renata@deluxe-demo.com,1000022,2,3000000022,G10,core,,high,0.2,5,vip_leal,0.78,regular,0.29
23,Tomás,tomás@deluxe-demo.com,1000023,2,3000000023,G04,core,,medium,0.2,5,social,0.3,vip,0.48
24,Abril,abril@deluxe-demo.com,1000024,2,3000000024,G03,casual,,low,0.45,4,riesgo,0.27,regular,0.26
25,Joaquín,joaquín@deluxe-demo.com,1000025,2,3000000025,G07,core,,medium,0.2,5,social,0.62,private,0.48
26,Mariana,mariana@deluxe-demo.com,1000026,2,3000000026,G04,core,,medium,0.2,5,riesgo,0.26,regular,0.47
27,Benjamín,benjamín@deluxe-demo.com,1000027,2,3000000027,G10,casual,,low,0.45,4,social,0.51,vip,0.21
28,Paula,paula@deluxe-demo.com,1000028,2,3000000028,G01,core,,medium,0.2,5,vip_leal,1.0,vip,0.18
29,Martín,martín@deluxe-demo.com,1000029,2,3000000029,G01,anchor,,high,0.3,9,ballena,0.92,private,0.64
30,Delfina,delfina@deluxe-demo.com,1000030,2,3000000030,G04,core,,medium,0.2,5,social,0.66,private,0.21
31,Franco,franco@deluxe-demo.com,1000031,2,3000000031,G03,isolated,,low,0.05,2,social,0.69,private,0.1
32,Zoe,zoe@deluxe-demo.com,1000032,2,3000000032,G05,isolated,,low,0.05,2,riesgo,0.2,vip,0.19
33,Adrián,adrián@deluxe-demo.com,1000033,2,3000000033,G06,core,,low,0.2,5,riesgo,0.39,regular,0.16
34,Alma,alma@deluxe-demo.com,1000034,2,3000000034,G06,broker,G07,high,0.75,7,vip_leal,0.9,vip,0.79
35,Iván,iván@deluxe-demo.com,1000035,2,3000000035,G04,core,,medium,0.2,5,social,0.68,private,0.3
36,Bianca,bianca@deluxe-demo.com,1000036,2,3000000036,G04,core,,high,0.2,5,ballena,0.99,private,0.3
37,Diego,diego@deluxe-demo.com,1000037,2,3000000037,G06,core,,low,0.2,5,riesgo,0.29,regular,0.39
38,Miranda,miranda@deluxe-demo.com,1000038,2,3000000038,G07,core,,medium,0.2,5,ballena,0.8,regular,0.23
39,Esteban,esteban@deluxe-demo.com,1000039,2,3000000039,G01,core,,medium,0.2,5,social,0.3,vip,0.29
40,Victoria,victoria@deluxe-demo.com,1000040,2,3000000040,G06,core,,medium,0.2,5,ballena,0.81,private,0.37
41,Ramiro,ramiro@deluxe-demo.com,1000041,2,3000000041,G02,core,,low,0.2,5,riesgo,0.33,regular,0.56
42,Agustina,agustina@deluxe-demo.com,1000042,2,3000000042,G10,core,,medium,0.2,5,social,0.55,private,0.5
43,Bruno,bruno@deluxe-demo.com,1000043,2,3000000043,G06,core,,medium,0.2,5,social,0.42,regular,0.44
44,Catalina,catalina@deluxe-demo.com,1000044,2,3000000044,G04,core,,medium,0.2,5,social,0.64,regular,0.55
45,Axel,axel@deluxe-demo.com,1000045,2,3000000045,G02,core,,medium,0.2,5,riesgo,0.07,regular,0.37
46,Florencia,florencia@deluxe-demo.com,1000046,2,3000000046,G04,core,,high,0.2,5,vip_leal,0.96,regular,0.2
47,Lorenzo,lorenzo@deluxe-demo.com,1000047,2,3000000047,G10,casual,,low,0.45,4,riesgo,0.07,vip,0.38
48,Pilar,pilar@deluxe-demo.com,1000048,2,3000000048,G04,core,,medium,0.2,5,social,0.66,private,0.58
49,Gonzalo,gonzalo@deluxe-demo.com,1000049,2,3000000049,G01,core,,medium,0.2,5,social,0.52,regular,0.17
50,Malena,malena@deluxe-demo.com,1000050,2,3000000050,G02,casual,,low,0.45,4,social,0.47,regular,0.4
51,Facundo,facundo@deluxe-demo.com,1000051,2,3000000051,G07,core,,high,0.2,5,ballena,0.76,vip,0.52
52,Mía,mía@deluxe-demo.com,1000052,2,3000000052,G03,core,,medium,0.2,5,ballena,0.77,vip,0.55
53,Enzo,enzo@deluxe-demo.com,1000053,2,3000000053,G07,core,,high,0.2,5,vip_leal,0.81,private,0.47
54,Clara,clara@deluxe-demo.com,1000054,2,3000000054,G07,core,,high,0.2,5,vip_leal,0.86,vip,0.37
55,Lautaro,lautaro@deluxe-demo.com,1000055,2,3000000055,G03,core,,medium,0.2,5,vip_leal,0.97,regular,0.33
56,Olivia,olivia@deluxe-demo.com,1000056,2,3000000056,G04,core,,low,0.2,5,riesgo,0.35,vip,0.41
57,Rodrigo,rodrigo@deluxe-demo.com,1000057,2,3000000057,G10,core,,low,0.2,5,riesgo,0.34,regular,0.45
58,Elena,elena@deluxe-demo.com,1000058,2,3000000058,G05,core,,low,0.2,5,social,0.42,regular,0.58
59,Julián,julián@deluxe-demo.com,1000059,2,3000000059,G10,core,,medium,0.2,5,social,0.65,private,0.58
60,Luna,luna@deluxe-demo.com,1000060,2,3000000060,G07,core,,high,0.2,5,ballena,0.87,private,0.4
61,Matías,matías@deluxe-demo.com,1000061,2,3000000061,G10,core,,medium,0.2,5,ballena,0.9,vip,0.23
62,Aitana,aitana@deluxe-demo.com,1000062,2,3000000062,G05,core,,medium,0.2,5,riesgo,0.19,regular,0.33
63,Eric,eric@deluxe-demo.com,1000063,2,3000000063,G10,core,,high,0.2,5,ballena,0.69,vip,0.4
64,Noa,noa@deluxe-demo.com,1000064,2,3000000064,G06,core,,medium,0.2,5,social,0.44,private,0.53
65,Hugo,hugo@deluxe-demo.com,1000065,2,3000000065,G07,core,,medium,0.2,5,social,0.58,regular,0.49
66,Vega,vega@deluxe-demo.com,1000066,2,3000000066,G02,core,,medium,0.2,5,social,0.47,regular,0.24
67,Iker,iker@deluxe-demo.com,1000067,2,3000000067,G04,casual,,medium,0.45,4,social,0.53,vip,0.42
68,Gala,gala@deluxe-demo.com,1000068,2,3000000068,G06,core,,medium,0.2,5,vip_leal,0.87,private,0.29
69,Unai,unai@deluxe-demo.com,1000069,2,3000000069,G06,isolated,,low,0.05,2,riesgo,0.38,regular,0.11
70,Ariadna,ariadna@deluxe-demo.com,1000070,2,3000000070,G05,core,,medium,0.2,5,vip_leal,0.89,regular,0.22
71,Gael,gael@deluxe-demo.com,1000071,2,3000000071,G04,core,,high,0.2,5,ballena,0.73,regular,0.42
72,Triana,triana@deluxe-demo.com,1000072,2,3000000072,G06,casual,,low,0.45,4,riesgo,0.36,regular,0.48
73,Damián,damián@deluxe-demo.com,1000073,2,3000000073,G05,core,,medium,0.2,5,ballena,0.75,vip,0.32
74,Jimena,jimena@deluxe-demo.com,1000074,2,3000000074,G06,core,,medium,0.2,5,social,0.45,private,0.37
75,Fabián,fabián@deluxe-demo.com,1000075,2,3000000075,G03,core,,medium,0.2,5,social,0.51,vip,0.59
76,Salma,salma@deluxe-demo.com,1000076,2,3000000076,G01,casual,,low,0.45,4,riesgo,0.39,vip,0.45
77,Óscar,óscar@deluxe-demo.com,1000077,2,3000000077,G10,core,,low,0.2,5,social,0.49,regular,0.23
78,Nerea,nerea@deluxe-demo.com,1000078,2,3000000078,G05,core,,medium,0.2,5,social,0.54,regular,0.57
79,Saúl,saúl@deluxe-demo.com,1000079,2,3000000079,G05,core,,medium,0.2,5,vip_leal,0.71,regular,0.22
80,Candela,candela@deluxe-demo.com,1000080,2,3000000080,G03,core,,medium,0.2,5,vip_leal,0.87,private,0.59
81,Rubén,rubén@deluxe-demo.com,1000081,2,3000000081,G01,core,,medium,0.2,5,ballena,0.84,vip,0.46
82,Inés,inés@deluxe-demo.com,1000082,2,3000000082,G09,casual,,low,0.45,4,riesgo,0.12,regular,0.28
83,Sergio,sergio@deluxe-demo.com,1000083,2,3000000083,G10,core,,medium,0.2,5,vip_leal,0.79,private,0.51
84,Abrilina,abrilina@deluxe-demo.com,1000084,2,3000000084,G02,core,,low,0.2,5,riesgo,0.3,vip,0.31
85,Mario,mario@deluxe-demo.com,1000085,2,3000000085,G01,core,,medium,0.2,5,social,0.35,vip,0.36
86,Daniela,daniela@deluxe-demo.com,1000086,2,3000000086,G07,core,,low,0.2,5,riesgo,0.05,regular,0.27
87,Raúl,raúl@deluxe-demo.com,1000087,2,3000000087,G05,anchor,,high,0.3,9,vip_leal,0.97,private,0.67
88,Celeste,celeste@deluxe-demo.com,1000088,2,3000000088,G01,core,,medium,0.2,5,ballena,0.68,vip,0.54
89,Héctor,héctor@deluxe-demo.com,1000089,2,3000000089,G03,anchor,,high,0.3,9,ballena,0.88,private,0.35
90,Amaya,amaya@deluxe-demo.com,1000090,2,3000000090,G05,casual,,medium,0.45,4,ballena,0.67,regular,0.48
91,Manuel,manuel@deluxe-demo.com,1000091,2,3000000091,G07,core,,high,0.2,5,vip_leal,0.88,regular,0.59
92,Ainhoa,ainhoa@deluxe-demo.com,1000092,2,3000000092,G03,core,,low,0.2,5,riesgo,0.33,regular,0.54
93,Pablo,pablo@deluxe-demo.com,1000093,2,3000000093,G06,anchor,,high,0.3,9,vip_leal,0.97,vip,0.54
94,Irene,irene@deluxe-demo.com,1000094,2,3000000094,G01,casual,,medium,0.45,4,social,0.48,vip,0.54
95,Álvaro,álvaro@deluxe-demo.com,1000095,2,3000000095,G05,core,,medium,0.2,5,ballena,0.73,vip,0.52
96,Leire,leire@deluxe-demo.com,1000096,2,3000000096,G10,core,,medium,0.2,5,social,0.34,regular,0.5
97,Víctor,víctor@deluxe-demo.com,1000097,2,3000000097,G01,core,,low,0.2,5,riesgo,0.38,regular,0.18
98,Nora,nora@deluxe-demo.com,1000098,2,3000000098,G05,core,,medium,0.2,5,vip_leal,0.97,regular,0.43
99,Cristian,cristian@deluxe-demo.com,1000099,2,3000000099,G09,isolated,,low,0.05,2,riesgo,0.32,regular,0.07
100,Lía,lía@deluxe-demo.com,1000100,2,3000000100,G01,core,,medium,0.2,5,social,0.55,private,0.36
101,Kevin,kevin@deluxe-demo.com,1000101,2,3000000101,G01,core,,high,0.2,5,vip_leal,0.98,vip,0.47
102,Carla,carla@deluxe-demo.com,1000102,2,3000000102,G10,casual,,low,0.45,4,social,0.37,regular,0.26
103,Andrés,andrés@deluxe-demo.com,1000103,2,3000000103,G02,core,,low,0.2,5,riesgo,0.28,regular,0.58
104,Sara,sara@deluxe-demo.com,1000104,2,3000000104,G07,core,,medium,0.2,5,social,0.54,vip,0.52
105,Felipe,felipe@deluxe-demo.com,1000105,2,3000000105,G01,core,,medium,0.2,5,social,0.63,private,0.43
106,Elisa,elisa@deluxe-demo.com,1000106,2,3000000106,G05,core,,medium,0.2,5,ballena,0.71,private,0.49
107,Óliver,óliver@deluxe-demo.com,1000107,2,3000000107,G04,core,,high,0.2,5,vip_leal,0.74,vip,0.6
108,Marta,marta@deluxe-demo.com,1000108,2,3000000108,G05,core,,low,0.2,5,riesgo,0.14,vip,0.49
109,Lorenzo Andrés,lorenzo andrés@deluxe-demo.com,1000109,2,3000000109,G05,isolated,,low,0.05,2,social,0.45,regular,0.05
110,Nadia,nadia@deluxe-demo.com,1000110,2,3000000110,G05,core,,medium,0.2,5,social,0.52,private,0.42
111,Marco,marco@deluxe-demo.com,1000111,2,3000000111,G10,core,,medium,0.2,5,social,0.5,private,0.21
112,Eva,eva@deluxe-demo.com,1000112,2,3000000112,G03,casual,,low,0.45,4,riesgo,0.07,regular,0.31
113,Simón,simón@deluxe-demo.com,1000113,2,3000000113,G02,core,,medium,0.2,5,social,0.31,regular,0.29
114,Lara,lara@deluxe-demo.com,1000114,2,3000000114,G06,core,,medium,0.2,5,social,0.51,regular,0.23
115,Bruno Elías,bruno elías@deluxe-demo.com,1000115,2,3000000115,G05,core,,low,0.2,5,riesgo,0.08,regular,0.28
116,Paula Andrea,paula andrea@deluxe-demo.com,1000116,2,3000000116,G07,core,,medium,0.2,5,riesgo,0.24,regular,0.18
117,Julián David,julián david@deluxe-demo.com,1000117,2,3000000117,G07,core,,medium,0.2,5,social,0.37,regular,0.47
118,Sofía Elena,sofía elena@deluxe-demo.com,1000118,2,3000000118,G01,core,,low,0.2,5,riesgo,0.31,regular,0.15
119,Mateo Andrés,mateo andrés@deluxe-demo.com,1000119,2,3000000119,G01,broker,G10,high,0.75,7,social,0.34,regular,0.83
120,Valentina Paz,valentina paz@deluxe-demo.com,1000120,2,3000000120,G03,core,,medium,0.2,5,vip_leal,0.98,private,0.2
121,Santiago León,santiago león@deluxe-demo.com,1000121,2,3000000121,G07,core,,low,0.2,5,riesgo,0.3,regular,0.5
122,Camila Sol,camila sol@deluxe-demo.com,1000122,2,3000000122,G05,isolated,,low,0.05,2,riesgo,0.33,regular,0.08
123,Tomás Gabriel,tomás gabriel@deluxe-demo.com,1000123,2,3000000123,G06,core,,high,0.2,5,social,0.36,regular,0.52
124,Martina Luz,martina luz@deluxe-demo.com,1000124,2,3000000124,G05,casual,,medium,0.45,4,vip_leal,1.0,vip,0.52
125,Nicolás Ángel,nicolás ángel@deluxe-demo.com,1000125,2,3000000125,G08,core,,high,0.2,5,social,0.62,vip,0.16
126,Emilia Rosa,emilia rosa@deluxe-demo.com,1000126,2,3000000126,G05,core,,high,0.2,5,social,0.31,regular,0.56
127,Sebastián Cruz,sebastián cruz@deluxe-demo.com,1000127,2,3000000127,G04,anchor,,high,0.3,9,vip_leal,0.84,vip,0.37
128,Isabella Mar,isabella mar@deluxe-demo.com,1000128,2,3000000128,G02,core,,medium,0.2,5,ballena,0.94,vip,0.57
129,Alejandro Fénix,alejandro fénix@deluxe-demo.com,1000129,2,3000000129,G04,casual,,low,0.45,4,riesgo,0.29,regular,0.38
130,Julieta Alba,julieta alba@deluxe-demo.com,1000130,2,3000000130,G03,core,,high,0.2,5,social,0.68,vip,0.54
131,Daniel Bruno,daniel bruno@deluxe-demo.com,1000131,2,3000000131,G01,core,,medium,0.2,5,vip_leal,0.99,vip,0.52
132,Antonella Cielo,antonella cielo@deluxe-demo.com,1000132,2,3000000132,G02,core,,medium,0.2,5,social,0.61,vip,0.32
133,Gabriel Elio,gabriel elio@deluxe-demo.com,1000133,2,3000000133,G04,core,,medium,0.2,5,social,0.58,regular,0.56
134,Renata Flor,renata flor@deluxe-demo.com,1000134,2,3000000134,G10,casual,,low,0.45,4,riesgo,0.38,regular,0.29
135,Leonardo Azul,leonardo azul@deluxe-demo.com,1000135,2,3000000135,G04,broker,G02,medium,0.75,7,ballena,0.85,vip,0.96
136,Abril Serena,abril serena@deluxe-demo.com,1000136,2,3000000136,G04,casual,,low,0.45,4,riesgo,0.39,regular,0.33
137,Joaquín Dante,joaquín dante@deluxe-demo.com,1000137,2,3000000137,G03,core,,low,0.2,5,riesgo,0.11,vip,0.48
138,Mariana Jade,mariana jade@deluxe-demo.com,1000138,2,3000000138,G06,isolated,,low,0.05,2,riesgo,0.06,private,0.09
139,Benjamín Kai,benjamín kai@deluxe-demo.com,1000139,2,3000000139,G10,isolated,,low,0.05,2,social,0.3,private,0.01
140,Paula Noemí,paula noemí@deluxe-demo.com,1000140,2,3000000140,G05,core,,medium,0.2,5,social,0.37,regular,0.38
141,Martín Ivo,martín ivo@deluxe-demo.com,1000141,2,3000000141,G05,core,,high,0.2,5,social,0.67,regular,0.43
142,Delfina Abril,delfina abril@deluxe-demo.com,1000142,2,3000000142,G10,core,,low,0.2,5,riesgo,0.16,regular,0.39
143,Franco Milo,franco milo@deluxe-demo.com,1000143,2,3000000143,G07,casual,,low,0.45,4,riesgo,0.39,regular,0.23
144,Zoe Abril,zoe abril@deluxe-demo.com,1000144,2,3000000144,G07,core,,medium,0.2,5,ballena,0.76,private,0.54
145,Adrián Gael,adrián gael@deluxe-demo.com,1000145,2,3000000145,G01,core,,medium,0.2,5,riesgo,0.15,regular,0.33
146,Alma Vera,alma vera@deluxe-demo.com,1000146,2,3000000146,G05,core,,high,0.2,5,vip_leal,0.99,vip,0.3
147,Iván Leo,iván leo@deluxe-demo.com,1000147,2,3000000147,G05,core,,high,0.2,5,ballena,0.72,regular,0.43
148,Bianca Luz,bianca luz@deluxe-demo.com,1000148,2,3000000148,G04,core,,medium,0.2,5,vip_leal,0.97,vip,0.24
149,Diego Noé,diego noé@deluxe-demo.com,1000149,2,3000000149,G01,casual,,medium,0.45,4,vip_leal,0.8,regular,0.49
150,Miranda Sol,miranda sol@deluxe-demo.com,1000150,2,3000000150,G01,core,,medium,0.2,5,vip_leal,0.97,private,0.59
151,Esteban Cruz,esteban cruz@deluxe-demo.com,1000151,2,3000000151,G03,core,,medium,0.2,5,social,0.66,private,0.45
152,Victoria Alma,victoria alma@deluxe-demo.com,1000152,2,3000000152,G01,core,,low,0.2,5,riesgo,0.15,private,0.57
153,Ramiro León,ramiro león@deluxe-demo.com,1000153,2,3000000153,G01,core,,low,0.2,5,riesgo,0.35,regular,0.39
154,Agustina Mar,agustina mar@deluxe-demo.com,1000154,2,3000000154,G06,core,,low,0.2,5,social,0.41,regular,0.45
155,Bruno Iker,bruno iker@deluxe-demo.com,1000155,2,3000000155,G06,core,,high,0.2,5,ballena,0.91,private,0.25
156,Catalina Luz,catalina luz@deluxe-demo.com,1000156,2,3000000156,G06,casual,,low,0.45,4,riesgo,0.19,vip,0.44
157,Axel Dante,axel dante@deluxe-demo.com,1000157,2,3000000157,G02,core,,medium,0.2,5,social,0.48,regular,0.42
158,Florencia Mía,florencia mía@deluxe-demo.com,1000158,2,3000000158,G02,casual,,low,0.45,4,social,0.65,vip,0.3
159,Lorenzo Cruz,lorenzo cruz@deluxe-demo.com,1000159,2,3000000159,G02,core,,high,0.2,5,ballena,0.77,regular,0.52
160,Pilar Vega,pilar vega@deluxe-demo.com,1000160,2,3000000160,G10,core,,medium,0.2,5,ballena,0.98,private,0.53
161,Gonzalo Azul,gonzalo azul@deluxe-demo.com,1000161,2,3000000161,G02,core,,medium,0.2,5,social,0.46,private,0.23
162,Malena Sol,malena sol@deluxe-demo.com,1000162,2,3000000162,G04,core,,medium,0.2,5,vip_leal,0.8,vip,0.29
163,Facundo León,facundo león@deluxe-demo.com,1000163,2,3000000163,G01,core,,high,0.2,5,social,0.58,regular,0.4
164,Mía Clara,mía clara@deluxe-demo.com,1000164,2,3000000164,G08,broker,G05,high,0.75,7,ballena,0.82,private,0.76
165,Enzo Dante,enzo dante@deluxe-demo.com,1000165,2,3000000165,G06,casual,,low,0.45,4,riesgo,0.36,vip,0.42
166,Clara Luz,clara luz@deluxe-demo.com,1000166,2,3000000166,G10,casual,,medium,0.45,4,social,0.44,regular,0.31
167,Lautaro Azul,lautaro azul@deluxe-demo.com,1000167,2,3000000167,G02,anchor,,medium,0.3,9,ballena,0.93,private,0.57
168,Olivia Sol,olivia sol@deluxe-demo.com,1000168,2,3000000168,G07,broker,G06,high,0.75,7,vip_leal,0.85,vip,0.84
169,Rodrigo León,rodrigo león@deluxe-demo.com,1000169,2,3000000169,G05,core,,high,0.2,5,vip_leal,0.87,private,0.34
170,Elena Luz,elena luz@deluxe-demo.com,1000170,2,3000000170,G10,isolated,,low,0.05,2,riesgo,0.08,regular,0.09
171,Julián Azul,julián azul@deluxe-demo.com,1000171,2,3000000171,G07,isolated,,low,0.05,2,riesgo,0.26,vip,0.07
172,Luna Sol,luna sol@deluxe-demo.com,1000172,2,3000000172,G04,core,,medium,0.2,5,vip_leal,0.95,vip,0.58
173,Matías León,matías león@deluxe-demo.com,1000173,2,3000000173,G02,core,,high,0.2,5,vip_leal,0.99,private,0.56
174,Aitana Luz,aitana luz@deluxe-demo.com,1000174,2,3000000174,G10,core,,low,0.2,5,riesgo,0.14,regular,0.27
175,Eric Azul,eric azul@deluxe-demo.com,1000175,2,3000000175,G06,anchor,,high,0.3,9,vip_leal,0.89,regular,0.67
176,Noa Sol,noa sol@deluxe-demo.com,1000176,2,3000000176,G07,core,,medium,0.2,5,vip_leal,1.0,vip,0.43
177,Hugo León,hugo león@deluxe-demo.com,1000177,2,3000000177,G06,casual,,low,0.45,4,riesgo,0.3,regular,0.27
178,Vega Luz,vega luz@deluxe-demo.com,1000178,2,3000000178,G06,core,,medium,0.2,5,ballena,0.89,regular,0.53
179,Iker Azul,iker azul@deluxe-demo.com,1000179,2,3000000179,G03,core,,medium,0.2,5,ballena,0.78,regular,0.57
180,Gala Sol,gala sol@deluxe-demo.com,1000180,2,3000000180,G04,core,,medium,0.2,5,social,0.47,regular,0.26
181,Unai León,unai león@deluxe-demo.com,1000181,2,3000000181,G01,core,,low,0.2,5,social,0.36,regular,0.49
182,Ariadna Luz,ariadna luz@deluxe-demo.com,1000182,2,3000000182,G07,core,,low,0.2,5,social,0.31,regular,0.57
183,Gael Azul,gael azul@deluxe-demo.com,1000183,2,3000000183,G10,core,,low,0.2,5,social,0.39,vip,0.51
184,Triana Sol,triana sol@deluxe-demo.com,1000184,2,3000000184,G05,core,,medium,0.2,5,ballena,0.89,private,0.48
185,Damián León,damián león@deluxe-demo.com,1000185,2,3000000185,G04,casual,,low,0.45,4,riesgo,0.37,regular,0.47
186,Jimena Luz,jimena luz@deluxe-demo.com,1000186,2,3000000186,G05,anchor,,high,0.3,9,social,0.44,vip,0.7
187,Fabián Azul,fabián azul@deluxe-demo.com,1000187,2,3000000187,G07,core,,high,0.2,5,ballena,0.78,vip,0.29
188,Salma Sol,salma sol@deluxe-demo.com,1000188,2,3000000188,G07,core,,medium,0.2,5,social,0.36,regular,0.53
189,Óscar León,óscar león@deluxe-demo.com,1000189,2,3000000189,G10,core,,low,0.2,5,riesgo,0.12,regular,0.32
190,Nerea Luz,nerea luz@deluxe-demo.com,1000190,2,3000000190,G07,casual,,medium,0.45,4,social,0.63,regular,0.24
191,Saúl Azul,saúl azul@deluxe-demo.com,1000191,2,3000000191,G10,core,,high,0.2,5,ballena,0.83,regular,0.41
192,Candela Sol,candela sol@deluxe-demo.com,1000192,2,3000000192,G07,anchor,,high,0.3,9,vip_leal,0.85,regular,0.54
193,Rubén León,rubén león@deluxe-demo.com,1000193,2,3000000193,G07,core,,high,0.2,5,vip_leal,0.84,vip,0.55
194,Inés Luz,inés luz@deluxe-demo.com,1000194,2,3000000194,G03,core,,medium,0.2,5,vip_leal,0.82,regular,0.3
195,Sergio Azul,sergio azul@deluxe-demo.com,1000195,2,3000000195,G06,core,,medium,0.2,5,riesgo,0.38,regular,0.55
196,Abrilina Sol,abrilina sol@deluxe-demo.com,1000196,2,3000000196,G10,core,,high,0.2,5,ballena,0.67,vip,0.16
197,Mario León,mario león@deluxe-demo.com,1000197,2,3000000197,G10,core,,medium,0.2,5,social,0.63,vip,0.38
198,Daniela Luz,daniela luz@deluxe-demo.com,1000198,2,3000000198,G02,core,,low,0.2,5,social,0.54,vip,0.55
199,Raúl Azul,raúl azul@deluxe-demo.com,1000199,2,3000000199,G01,casual,,low,0.45,4,riesgo,0.09,regular,0.3
200,Celeste Sol,celeste sol@deluxe-demo.com,1000200,2,3000000200,G05,core,,medium,0.2,5,social,0.5,vip,0.34
201,Héctor León,héctor león@deluxe-demo.com,1000201,2,3000000201,G01,core,,high,0.2,5,ballena,0.91,vip,0.4
202,Amaya Luz,amaya luz@deluxe-demo.com,1000202,2,3000000202,G09,core,,medium,0.2,5,vip_leal,0.92,private,0.44
203,Manuel Azul,manuel azul@deluxe-demo.com,1000203,2,3000000203,G07,core,,high,0.2,5,vip_leal,0.71,private,0.2
204,Ainhoa Sol,ainhoa sol@deluxe-demo.com,1000204,2,3000000204,G04,core,,high,0.2,5,vip_leal,0.75,regular,0.5
205,Pablo León,pablo león@deluxe-demo.com,1000205,2,3000000205,G03,core,,high,0.2,5,ballena,0.69,regular,0.43
206,Irene Luz,irene luz@deluxe-demo.com,1000206,2,3000000206,G10,core,,medium,0.2,5,vip_leal,0.98,private,0.53
207,Álvaro Azul,álvaro azul@deluxe-demo.com,1000207,2,3000000207,G05,casual,,low,0.45,4,riesgo,0.28,regular,0.21
208,Leire Sol,leire sol@deluxe-demo.com,1000208,2,3000000208,G10,isolated,,low,0.05,2,social,0.47,regular,0.01
209,Víctor León,víctor león@deluxe-demo.com,1000209,2,3000000209,G02,core,,medium,0.2,5,ballena,0.68,vip,0.24
210,Nora Luz,nora luz@deluxe-demo.com,1000210,2,3000000210,G03,core,,medium,0.2,5,vip_leal,0.83,private,0.26
211,Cristian Azul,cristian azul@deluxe-demo.com,1000211,2,3000000211,G01,core,,medium,0.2,5,ballena,0.9,private,0.21
212,Lía Sol,lía sol@deluxe-demo.com,1000212,2,3000000212,G07,core,,medium,0.2,5,social,0.38,vip,0.22
213,Kevin León,kevin león@deluxe-demo.com,1000213,2,3000000213,G02,core,,medium,0.2,5,ballena,1.0,vip,0.21
214,Carla Luz,carla luz@deluxe-demo.com,1000214,2,3000000214,G07,core,,medium,0.2,5,riesgo,0.1,vip,0.6
215,Andrés Azul,andrés azul@deluxe-demo.com,1000215,2,3000000215,G03,core,,medium,0.2,5,vip_leal,0.82,vip,0.55
216,Sara Sol,sara sol@deluxe-demo.com,1000216,2,3000000216,G02,core,,medium,0.2,5,vip_leal,0.97,vip,0.59
217,Felipe León,felipe león@deluxe-demo.com,1000217,2,3000000217,G02,isolated,,low,0.05,2,riesgo,0.26,regular,0.05
218,Elisa Luz,elisa luz@deluxe-demo.com,1000218,2,3000000218,G10,core,,high,0.2,5,social,0.48,regular,0.32
219,Óliver Azul,óliver azul@deluxe-demo.com,1000219,2,3000000219,G04,core,,medium,0.2,5,ballena,0.93,private,0.21
220,Marta Sol,marta sol@deluxe-demo.com,1000220,2,3000000220,G07,casual,,low,0.45,4,riesgo,0.35,regular,0.39
221,Marco León,marco león@deluxe-demo.com,1000221,2,3000000221,G10,core,,low,0.2,5,riesgo,0.37,regular,0.19
222,Nadia Luz,nadia luz@deluxe-demo.com,1000222,2,3000000222,G10,core,,low,0.2,5,social,0.42,regular,0.24
223,Simón Azul,simón azul@deluxe-demo.com,1000223,2,3000000223,G07,broker,G06,high,0.75,7,social,0.64,vip,0.92
224,Lara Sol,lara sol@deluxe-demo.com,1000224,2,3000000224,G10,core,,medium,0.2,5,riesgo,0.19,regular,0.26
225,Thiago León,thiago león@deluxe-demo.com,1000225,2,3000000225,G02,isolated,,low,0.05,2,riesgo,0.23,regular,0.06
226,Sofía Luz,sofía luz@deluxe-demo.com,1000226,2,3000000226,G01,core,,high,0.2,5,vip_leal,0.93,private,0.6
227,Mateo Azul,mateo azul@deluxe-demo.com,1000227,2,3000000227,G02,core,,medium,0.2,5,riesgo,0.07,private,0.37
228,Camila Solis,camila solis@deluxe-demo.com,1000228,2,3000000228,G04,core,,low,0.2,5,social,0.44,regular,0.53
229,Sebastián León,sebastián león@deluxe-demo.com,1000229,2,3000000229,G02,casual,,low,0.45,4,social,0.43,vip,0.52
230,Isabella Luz,isabella luz@deluxe-demo.com,1000230,2,3000000230,G09,core,,high,0.2,5,ballena,0.75,vip,0.56
231,Santiago Azul,santiago azul@deluxe-demo.com,1000231,2,3000000231,G01,broker,G09,high,0.75,7,ballena,0.93,regular,0.98
232,Valeria Sol,valeria sol@deluxe-demo.com,1000232,2,3000000232,G05,core,,low,0.2,5,social,0.67,regular,0.52
233,Nicolás León,nicolás león@deluxe-demo.com,1000233,2,3000000233,G03,core,,medium,0.2,5,social,0.3,regular,0.35
234,Martina Azul,martina azul@deluxe-demo.com,1000234,2,3000000234,G03,casual,,low,0.45,4,riesgo,0.14,regular,0.56
235,Samuel Sol,samuel sol@deluxe-demo.com,1000235,2,3000000235,G07,core,,high,0.2,5,ballena,0.71,regular,0.34
236,Valentina Luz,valentina luz@deluxe-demo.com,1000236,2,3000000236,G05,core,,low,0.2,5,riesgo,0.23,regular,0.27
237,Alejandro León,alejandro león@deluxe-demo.com,1000237,2,3000000237,G01,core,,medium,0.2,5,social,0.49,regular,0.41
238,Emilia Azul,emilia azul@deluxe-demo.com,1000238,2,3000000238,G01,core,,medium,0.2,5,social,0.53,vip,0.3
239,Daniel Sol,daniel sol@deluxe-demo.com,1000239,2,3000000239,G01,core,,medium,0.2,5,ballena,0.7,vip,0.39
240,Antonella Luz,antonella luz@deluxe-demo.com,1000240,2,3000000240,G02,core,,high,0.2,5,ballena,0.97,regular,0.37
241,Gabriel León,gabriel león@deluxe-demo.com,1000241,2,3000000241,G10,isolated,,low,0.05,2,riesgo,0.11,vip,0.02
242,Julieta Azul,julieta azul@deluxe-demo.com,1000242,2,3000000242,G03,casual,,low,0.45,4,riesgo,0.06,vip,0.49
243,Leonardo Sol,leonardo sol@deluxe-demo.com,1000243,2,3000000243,G10,casual,,low,0.45,4,riesgo,0.08,vip,0.44
244,Renata Luz,renata luz@deluxe-demo.com,1000244,2,3000000244,G10,core,,medium,0.2,5,social,0.63,vip,0.24
245,Tomás León,tomás león@deluxe-demo.com,1000245,2,3000000245,G02,core,,low,0.2,5,riesgo,0.31,regular,0.29
246,Abril Azul,abril azul@deluxe-demo.com,1000246,2,3000000246,G01,core,,low,0.2,5,riesgo,0.39,regular,0.55
247,Joaquín Sol,joaquín sol@deluxe-demo.com,1000247,2,3000000247,G07,core,,low,0.2,5,riesgo,0.06,regular,0.22
248,Mariana Luz,mariana luz@deluxe-demo.com,1000248,2,3000000248,G05,core,,medium,0.2,5,social,0.61,regular,0.29
249,Benjamín León,benjamín león@deluxe-demo.com,1000249,2,3000000249,G02,core,,medium,0.2,5,social,0.6,regular,0.51
250,Paula Azul,paula azul@deluxe-demo.com,1000250,2,3000000250,G05,casual,,low,0.45,4,social,0.69,private,0.55
251,Martín Sol,martín sol@deluxe-demo.com,1000251,2,3000000251,G03,core,,high,0.2,5,ballena,0.7,vip,0.24
252,Delfina Luz,delfina luz@deluxe-demo.com,1000252,2,3000000252,G05,core,,low,0.2,5,riesgo,0.12,regular,0.25
253,Franco León,franco león@deluxe-demo.com,1000253,2,3000000253,G05,core,,medium,0.2,5,social,0.42,vip,0.46
254,Zoe Azul,zoe azul@deluxe-demo.com,1000254,2,3000000254,G10,core,,high,0.2,5,ballena,0.78,vip,0.55
255,Adrián Sol,adrián sol@deluxe-demo.com,1000255,2,3000000255,G03,casual,,low,0.45,4,social,0.37,regular,0.25
256,Alma Luz,alma luz@deluxe-demo.com,1000256,2,3000000256,G06,core,,high,0.2,5,social,0.46,regular,0.32
257,Iván León,iván león@deluxe-demo.com,1000257,2,3000000257,G10,isolated,,low,0.05,2,riesgo,0.32,private,0.02
258,Bianca Azul,bianca azul@deluxe-demo.com,1000258,2,3000000258,G05,core,,high,0.2,5,ballena,1.0,vip,0.56
259,Diego Sol,diego sol@deluxe-demo.com,1000259,2,3000000259,G06,core,,high,0.2,5,vip_leal,0.9,regular,0.35
260,Miranda Luz,miranda luz@deluxe-demo.com,1000260,2,3000000260,G05,core,,medium,0.2,5,ballena,0.72,regular,0.43
261,Esteban León,esteban león@deluxe-demo.com,1000261,2,3000000261,G10,core,,medium,0.2,5,social,0.59,regular,0.27
262,Victoria Azul,victoria azul@deluxe-demo.com,1000262,2,3000000262,G03,core,,medium,0.2,5,riesgo,0.28,vip,0.55
263,Ramiro Sol,ramiro sol@deluxe-demo.com,1000263,2,3000000263,G01,core,,medium,0.2,5,social,0.65,vip,0.54
264,Agustina Luz,agustina luz@deluxe-demo.com,1000264,2,3000000264,G01,core,,low,0.2,5,riesgo,0.21,vip,0.33
265,Bruno León,bruno león@deluxe-demo.com,1000265,2,3000000265,G10,core,,high,0.2,5,social,0.52,vip,0.41
266,Catalina Azul,catalina azul@deluxe-demo.com,1000266,2,3000000266,G02,core,,medium,0.2,5,ballena,0.85,private,0.2
267,Axel Sol,axel sol@deluxe-demo.com,1000267,2,3000000267,G01,core,,low,0.2,5,riesgo,0.09,regular,0.29
268,Florencia Luz,florencia luz@deluxe-demo.com,1000268,2,3000000268,G07,core,,medium,0.2,5,ballena,0.8,vip,0.31
269,Lorenzo León,lorenzo león@deluxe-demo.com,1000269,2,3000000269,G07,casual,,low,0.45,4,riesgo,0.12,private,0.36
270,Pilar Azul,pilar azul@deluxe-demo.com,1000270,2,3000000270,G10,core,,low,0.2,5,riesgo,0.25,regular,0.58
271,Gonzalo Sol,gonzalo sol@deluxe-demo.com,1000271,2,3000000271,G05,core,,medium,0.2,5,social,0.51,vip,0.51
272,Malena Luz,malena luz@deluxe-demo.com,1000272,2,3000000272,G06,isolated,,low,0.05,2,riesgo,0.4,vip,0.13
273,Facundo León,facundo león@deluxe-demo.com,1000273,2,3000000273,G06,core,,high,0.2,5,ballena,0.67,vip,0.49
274,Mía Azul,mía azul@deluxe-demo.com,1000274,2,3000000274,G07,anchor,,high,0.3,9,ballena,0.73,vip,0.42
275,Enzo Sol,enzo sol@deluxe-demo.com,1000275,2,3000000275,G07,core,,medium,0.2,5,riesgo,0.09,regular,0.18
276,Clara Luzia,clara luzia@deluxe-demo.com,1000276,2,3000000276,G03,core,,medium,0.2,5,riesgo,0.1,vip,0.24
277,Lautaro León,lautaro león@deluxe-demo.com,1000277,2,3000000277,G06,casual,,medium,0.45,4,social,0.34,private,0.52
278,Olivia Azul,olivia azul@deluxe-demo.com,1000278,2,3000000278,G04,core,,medium,0.2,5,social,0.52,private,0.22
279,Rodrigo Sol,rodrigo sol@deluxe-demo.com,1000279,2,3000000279,G07,core,,low,0.2,5,social,0.56,vip,0.5
280,Elena Luzia,elena luzia@deluxe-demo.com,1000280,2,3000000280,G02,core,,low,0.2,5,social,0.47,private,0.46
281,Julián León,julián león@deluxe-demo.com,1000281,2,3000000281,G01,isolated,,low,0.05,2,riesgo,0.06,regular,0.1
282,Luna Azul,luna azul@deluxe-demo.com,1000282,2,3000000282,G03,core,,medium,0.2,5,ballena,0.71,vip,0.45
283,Matías Sol,matías sol@deluxe-demo.com,1000283,2,3000000283,G03,core,,medium,0.2,5,social,0.6,vip,0.31
284,Aitana Luzia,aitana luzia@deluxe-demo.com,1000284,2,3000000284,G06,core,,medium,0.2,5,social,0.6,regular,0.22
285,Eric León,eric león@deluxe-demo.com,1000285,2,3000000285,G04,casual,,low,0.45,4,social,0.42,regular,0.32
286,Noa Azul,noa azul@deluxe-demo.com,1000286,2,3000000286,G07,core,,medium,0.2,5,ballena,0.88,private,0.57
287,Hugo Sol,hugo sol@deluxe-demo.com,1000287,2,3000000287,G07,core,,medium,0.2,5,riesgo,0.13,regular,0.22
288,Vega Luzia,vega luzia@deluxe-demo.com,1000288,2,3000000288,G06,core,,medium,0.2,5,social,0.48,regular,0.28
289,Iker León,iker león@deluxe-demo.com,1000289,2,3000000289,G06,anchor,,high,0.3,9,ballena,0.81,vip,0.51
290,Gala Azul,gala azul@deluxe-demo.com,1000290,2,3000000290,G06,core,,medium,0.2,5,social,0.59,regular,0.18
291,Unai Sol,unai sol@deluxe-demo.com,1000291,2,3000000291,G04,core,,high,0.2,5,vip_leal,0.8,vip,0.36
292,Ariadna Luzia,ariadna luzia@deluxe-demo.com,1000292,2,3000000292,G04,core,,medium,0.2,5,riesgo,0.23,regular,0.4
293,Gael León,gael león@deluxe-demo.com,1000293,2,3000000293,G01,core,,medium,0.2,5,riesgo,0.23,vip,0.43
294,Triana Azul,triana azul@deluxe-demo.com,1000294,2,3000000294,G05,anchor,,medium,0.3,9,vip_leal,0.81,regular,0.41
295,Damián Sol,damián sol@deluxe-demo.com,1000295,2,3000000295,G08,core,,medium,0.2,5,vip_leal,0.81,private,0.58
296,Jimena Luzia,jimena luzia@deluxe-demo.com,1000296,2,3000000296,G03,casual,,low,0.45,4,riesgo,0.07,private,0.55
297,Fabián León,fabián león@deluxe-demo.com,1000297,2,3000000297,G06,core,,medium,0.2,5,social,0.69,vip,0.25
298,Salma Azul,salma azul@deluxe-demo.com,1000298,2,3000000298,G10,broker,G08,medium,0.75,7,ballena,0.66,vip,0.99
299,Óscar Sol,óscar sol@deluxe-demo.com,1000299,2,3000000299,G02,core,,medium,0.2,5,ballena,0.97,vip,0.38
300,Nerea Luzia,nerea luzia@deluxe-demo.com,1000300,2,3000000300,G03,core,,medium,0.2,5,social,0.41,regular,0.39
301,Saúl León,saúl león@deluxe-demo.com,1000301,2,3000000301,G02,anchor,,high,0.3,9,ballena,0.89,regular,0.41
302,Candela Azul,candela azul@deluxe-demo.com,1000302,2,3000000302,G01,core,,high,0.2,5,vip_leal,0.94,private,0.19
303,Rubén Sol,rubén sol@deluxe-demo.com,1000303,2,3000000303,G03,broker,G08,medium,0.75,7,social,0.48,vip,0.68
304,Inés Luzia,inés luzia@deluxe-demo.com,1000304,2,3000000304,G04,core,,medium,0.2,5,vip_leal,0.85,vip,0.51
305,Sergio León,sergio león@deluxe-demo.com,1000305,2,3000000305,G04,core,,high,0.2,5,social,0.4,regular,0.5
306,Abrilina Azul,abrilina azul@deluxe-demo.com,1000306,2,3000000306,G03,core,,high,0.2,5,social,0.64,vip,0.31
307,Mario Sol,mario sol@deluxe-demo.com,1000307,2,3000000307,G09,anchor,,medium,0.3,9,ballena,0.87,regular,0.41
308,Daniela Luzia,daniela luzia@deluxe-demo.com,1000308,2,3000000308,G07,core,,medium,0.2,5,ballena,0.9,vip,0.26
309,Raúl León,raúl león@deluxe-demo.com,1000309,2,3000000309,G03,core,,medium,0.2,5,social,0.31,regular,0.2
310,Celeste Azul,celeste azul@deluxe-demo.com,1000310,2,3000000310,G02,core,,medium,0.2,5,ballena,0.71,private,0.51
311,Héctor Sol,héctor sol@deluxe-demo.com,1000311,2,3000000311,G04,core,,medium,0.2,5,ballena,0.93,vip,0.59
312,Amaya Luzia,amaya luzia@deluxe-demo.com,1000312,2,3000000312,G07,core,,medium,0.2,5,ballena,0.67,regular,0.57
313,Manuel León,manuel león@deluxe-demo.com,1000313,2,3000000313,G04,core,,medium,0.2,5,social,0.39,vip,0.53
314,Ainhoa Azul,ainhoa azul@deluxe-demo.com,1000314,2,3000000314,G01,core,,medium,0.2,5,vip_leal,0.7,regular,0.29
315,Pablo Sol,pablo sol@deluxe-demo.com,1000315,2,3000000315,G07,core,,high,0.2,5,ballena,0.87,vip,0.25
316,Irene Luzia,irene luzia@deluxe-demo.com,1000316,2,3000000316,G02,core,,medium,0.2,5,vip_leal,0.96,private,0.57
317,Álvaro León,álvaro león@deluxe-demo.com,1000317,2,3000000317,G03,core,,low,0.2,5,riesgo,0.18,vip,0.54
318,Leire Azul,leire azul@deluxe-demo.com,1000318,2,3000000318,G10,core,,high,0.2,5,vip_leal,0.77,regular,0.22
319,Víctor Sol,víctor sol@deluxe-demo.com,1000319,2,3000000319,G06,casual,,low,0.45,4,social,0.47,vip,0.46
320,Nora Luzia,nora luzia@deluxe-demo.com,1000320,2,3000000320,G10,core,,medium,0.2,5,vip_leal,0.84,vip,0.3
321,Cristian León,cristian león@deluxe-demo.com,1000321,2,3000000321,G07,core,,medium,0.2,5,social,0.54,regular,0.59
322,Lía Azul,lía azul@deluxe-demo.com,1000322,2,3000000322,G07,core,,high,0.2,5,social,0.5,vip,0.48
323,Kevin Sol,kevin sol@deluxe-demo.com,1000323,2,3000000323,G01,core,,low,0.2,5,riesgo,0.34,regular,0.42
324,Carla Luzia,carla luzia@deluxe-demo.com,1000324,2,3000000324,G05,anchor,,high,0.3,9,ballena,0.74,vip,0.51
325,Andrés León,andrés león@deluxe-demo.com,1000325,2,3000000325,G07,casual,,low,0.45,4,social,0.38,regular,0.37
326,Sara Azul,sara azul@deluxe-demo.com,1000326,2,3000000326,G05,core,,medium,0.2,5,social,0.63,regular,0.33
327,Felipe Sol,felipe sol@deluxe-demo.com,1000327,2,3000000327,G04,core,,high,0.2,5,ballena,0.91,vip,0.23
328,Elisa Luzia,elisa luzia@deluxe-demo.com,1000328,2,3000000328,G04,broker,G01,high,0.75,7,social,0.36,regular,0.81
329,Óliver León,óliver león@deluxe-demo.com,1000329,2,3000000329,G03,core,,low,0.2,5,riesgo,0.33,regular,0.34
330,Marta Azul,marta azul@deluxe-demo.com,1000330,2,3000000330,G03,broker,G08,high,0.75,7,social,0.56,vip,0.68
331,Aiden,aiden@deluxe-demo.com,1000331,2,3000000331,G05,broker,G10,high,0.75,7,social,0.31,regular,0.96
332,Valeria,valeria@deluxe-demo.com,1000332,2,3000000332,G07,anchor,,high,0.3,9,vip_leal,0.8,regular,0.61
333,Mateo,mateo@deluxe-demo.com,1000333,2,3000000333,G05,anchor,,high,0.3,9,ballena,0.82,vip,0.53
334,Camila,camila@deluxe-demo.com,1000334,2,3000000334,G01,core,,medium,0.2,5,ballena,0.75,vip,0.56
335,Sebastián,sebastián@deluxe-demo.com,1000335,2,3000000335,G05,core,,high,0.2,5,social,0.55,vip,0.31
336,Isabella,isabella@deluxe-demo.com,1000336,2,3000000336,G07,core,,medium,0.2,5,riesgo,0.06,regular,0.4
337,Thiago,thiago@deluxe-demo.com,1000337,2,3000000337,G04,core,,medium,0.2,5,social,0.61,private,0.33
338,Lucía,lucía@deluxe-demo.com,1000338,2,3000000338,G03,broker,G02,medium,0.75,7,vip_leal,0.91,vip,0.82
339,Santiago,santiago@deluxe-demo.com,1000339,2,3000000339,G02,core,,medium,0.2,5,riesgo,0.39,regular,0.43
340,Sofía,sofía@deluxe-demo.com,1000340,2,3000000340,G10,core,,medium,0.2,5,social,0.39,private,0.46
341,Nicolás,nicolás@deluxe-demo.com,1000341,2,3000000341,G01,core,,low,0.2,5,riesgo,0.31,regular,0.17
342,Martina,martina@deluxe-demo.com,1000342,2,3000000342,G04,core,,high,0.2,5,social,0.68,regular,0.31
343,Samuel,samuel@deluxe-demo.com,1000343,2,3000000343,G03,core,,low,0.2,5,social,0.31,regular,0.52
344,Valentina,valentina@deluxe-demo.com,1000344,2,3000000344,G01,core,,low,0.2,5,social,0.37,vip,0.32
345,Alejandro,alejandro@deluxe-demo.com,1000345,2,3000000345,G04,casual,,low,0.45,4,riesgo,0.19,vip,0.24
346,Emilia,emilia@deluxe-demo.com,1000346,2,3000000346,G03,core,,medium,0.2,5,social,0.36,vip,0.41
347,Daniel,daniel@deluxe-demo.com,1000347,2,3000000347,G07,core,,high,0.2,5,vip_leal,0.9,private,0.5
348,Antonella,antonella@deluxe-demo.com,1000348,2,3000000348,G01,core,,high,0.2,5,ballena,0.77,private,0.51
349,Gabriel,gabriel@deluxe-demo.com,1000349,2,3000000349,G02,isolated,,low,0.05,2,riesgo,0.1,regular,0.11
350,Julieta,julieta@deluxe-demo.com,1000350,2,3000000350,G10,core,,low,0.2,5,social,0.42,regular,0.5
351,Leonardo,leonardo@deluxe-demo.com,1000351,2,3000000351,G04,isolated,,low,0.05,2,riesgo,0.4,private,0.2
352,Renata,renata@deluxe-demo.com,1000352,2,3000000352,G07,core,,medium,0.2,5,social,0.38,regular,0.58
353,Tomás,tomás@deluxe-demo.com,1000353,2,3000000353,G02,anchor,,high,0.3,9,social,0.43,vip,0.64
354,Abril,abril@deluxe-demo.com,1000354,2,3000000354,G10,broker,G07,high,0.75,7,ballena,0.94,private,0.99
355,Joaquín,joaquín@deluxe-demo.com,1000355,2,3000000355,G05,isolated,,low,0.05,2,riesgo,0.11,regular,0.04
356,Mariana,mariana@deluxe-demo.com,1000356,2,3000000356,G10,broker,G08,high,0.75,7,social,0.57,private,0.71
357,Benjamín,benjamín@deluxe-demo.com,1000357,2,3000000357,G04,casual,,low,0.45,4,riesgo,0.23,regular,0.21
358,Paula,paula@deluxe-demo.com,1000358,2,3000000358,G10,core,,low,0.2,5,riesgo,0.14,regular,0.18
359,Martín,martín@deluxe-demo.com,1000359,2,3000000359,G10,core,,medium,0.2,5,riesgo,0.39,vip,0.57
360,Delfina,delfina@deluxe-demo.com,1000360,2,3000000360,G07,core,,high,0.2,5,vip_leal,0.85,vip,0.52
